[{"model": "admin.logentry", "pk": 1, "fields": {"action_time": "2024-07-16T14:18:56.295Z", "user": 1, "content_type": 7, "object_id": "1", "object_repr": "Makerere", "action_flag": 1, "change_message": "[{\"added\": {}}]"}}, {"model": "admin.logentry", "pk": 2, "fields": {"action_time": "2024-07-16T14:19:58.081Z", "user": 1, "content_type": 10, "object_id": "1", "object_repr": "Footwear", "action_flag": 1, "change_message": "[{\"added\": {}}]"}}, {"model": "admin.logentry", "pk": 3, "fields": {"action_time": "2024-07-16T14:20:09.376Z", "user": 1, "content_type": 10, "object_id": "2", "object_repr": "Gadgets", "action_flag": 1, "change_message": "[{\"added\": {}}]"}}, {"model": "admin.logentry", "pk": 4, "fields": {"action_time": "2024-07-16T14:20:21.312Z", "user": 1, "content_type": 10, "object_id": "3", "object_repr": "Stationery", "action_flag": 1, "change_message": "[{\"added\": {}}]"}}, {"model": "admin.logentry", "pk": 5, "fields": {"action_time": "2024-07-16T14:20:36.011Z", "user": 1, "content_type": 10, "object_id": "4", "object_repr": "Clothes", "action_flag": 1, "change_message": "[{\"added\": {}}]"}}, {"model": "admin.logentry", "pk": 6, "fields": {"action_time": "2024-07-16T14:21:16.112Z", "user": 1, "content_type": 8, "object_id": "1", "object_repr": "Stono", "action_flag": 1, "change_message": "[{\"added\": {}}]"}}, {"model": "admin.logentry", "pk": 7, "fields": {"action_time": "2024-07-16T14:22:27.840Z", "user": 1, "content_type": 7, "object_id": "2", "object_repr": "Kyambogo", "action_flag": 1, "change_message": "[{\"added\": {}}]"}}, {"model": "admin.logentry", "pk": 8, "fields": {"action_time": "2024-07-16T14:23:15.797Z", "user": 1, "content_type": 7, "object_id": "3", "object_repr": "Mbarara University of Science and Technology", "action_flag": 1, "change_message": "[{\"added\": {}}]"}}, {"model": "admin.logentry", "pk": 9, "fields": {"action_time": "2024-07-16T14:23:57.350Z", "user": 1, "content_type": 7, "object_id": "4", "object_repr": "Makerere Universit Business School", "action_flag": 1, "change_message": "[{\"added\": {}}]"}}, {"model": "admin.logentry", "pk": 10, "fields": {"action_time": "2024-07-16T14:24:05.700Z", "user": 1, "content_type": 9, "object_id": "1", "object_repr": "Stono - Makerere", "action_flag": 1, "change_message": "[{\"added\": {}}]"}}, {"model": "admin.logentry", "pk": 11, "fields": {"action_time": "2024-07-16T14:24:13.130Z", "user": 1, "content_type": 9, "object_id": "2", "object_repr": "Stono - Makerere Universit Business School", "action_flag": 1, "change_message": "[{\"added\": {}}]"}}, {"model": "admin.logentry", "pk": 12, "fields": {"action_time": "2024-07-16T14:24:22.302Z", "user": 1, "content_type": 11, "object_id": "1", "object_repr": "Stono - Footwear", "action_flag": 1, "change_message": "[{\"added\": {}}]"}}, {"model": "admin.logentry", "pk": 13, "fields": {"action_time": "2024-07-16T14:24:26.343Z", "user": 1, "content_type": 11, "object_id": "2", "object_repr": "Stono - Gadgets", "action_flag": 1, "change_message": "[{\"added\": {}}]"}}, {"model": "admin.logentry", "pk": 14, "fields": {"action_time": "2024-07-16T14:29:23.491Z", "user": 1, "content_type": 12, "object_id": "1", "object_repr": "Product sample 1", "action_flag": 1, "change_message": "[{\"added\": {}}]"}}, {"model": "admin.logentry", "pk": 15, "fields": {"action_time": "2024-07-16T14:30:01.792Z", "user": 1, "content_type": 12, "object_id": "2", "object_repr": "Product sample 2", "action_flag": 1, "change_message": "[{\"added\": {}}]"}}, {"model": "admin.logentry", "pk": 16, "fields": {"action_time": "2024-07-16T14:30:24.795Z", "user": 1, "content_type": 13, "object_id": "1", "object_repr": "Product sample 1", "action_flag": 1, "change_message": "[{\"added\": {}}]"}}, {"model": "admin.logentry", "pk": 17, "fields": {"action_time": "2024-07-16T14:30:32.946Z", "user": 1, "content_type": 13, "object_id": "2", "object_repr": "Product sample 1", "action_flag": 1, "change_message": "[{\"added\": {}}]"}}, {"model": "admin.logentry", "pk": 18, "fields": {"action_time": "2024-07-16T14:30:42.435Z", "user": 1, "content_type": 13, "object_id": "3", "object_repr": "Product sample 1", "action_flag": 1, "change_message": "[{\"added\": {}}]"}}, {"model": "admin.logentry", "pk": 19, "fields": {"action_time": "2024-07-16T14:33:39.235Z", "user": 1, "content_type": 13, "object_id": "4", "object_repr": "Product sample 2", "action_flag": 1, "change_message": "[{\"added\": {}}]"}}, {"model": "admin.logentry", "pk": 20, "fields": {"action_time": "2024-07-16T14:33:44.841Z", "user": 1, "content_type": 13, "object_id": "5", "object_repr": "Product sample 2", "action_flag": 1, "change_message": "[{\"added\": {}}]"}}, {"model": "admin.logentry", "pk": 21, "fields": {"action_time": "2024-07-16T14:34:37.942Z", "user": 1, "content_type": 8, "object_id": "2", "object_repr": "Njuvo Ya Mungu", "action_flag": 1, "change_message": "[{\"added\": {}}]"}}, {"model": "admin.logentry", "pk": 22, "fields": {"action_time": "2024-07-16T14:34:45.496Z", "user": 1, "content_type": 9, "object_id": "3", "object_repr": "Njuvo Ya Mungu - Makerere", "action_flag": 1, "change_message": "[{\"added\": {}}]"}}, {"model": "admin.logentry", "pk": 23, "fields": {"action_time": "2024-07-16T14:34:55.459Z", "user": 1, "content_type": 11, "object_id": "3", "object_repr": "Njuvo Ya Mungu - Clothes", "action_flag": 1, "change_message": "[{\"added\": {}}]"}}, {"model": "admin.logentry", "pk": 24, "fields": {"action_time": "2024-07-16T14:35:53.198Z", "user": 1, "content_type": 12, "object_id": "3", "object_repr": "Suit Rental", "action_flag": 1, "change_message": "[{\"added\": {}}]"}}, {"model": "admin.logentry", "pk": 25, "fields": {"action_time": "2024-07-16T14:36:07.720Z", "user": 1, "content_type": 13, "object_id": "6", "object_repr": "Suit Rental", "action_flag": 1, "change_message": "[{\"added\": {}}]"}}, {"model": "admin.logentry", "pk": 26, "fields": {"action_time": "2024-07-16T14:36:14.341Z", "user": 1, "content_type": 13, "object_id": "7", "object_repr": "Suit Rental", "action_flag": 1, "change_message": "[{\"added\": {}}]"}}, {"model": "admin.logentry", "pk": 27, "fields": {"action_time": "2024-07-16T14:36:21.755Z", "user": 1, "content_type": 13, "object_id": "8", "object_repr": "Suit Rental", "action_flag": 1, "change_message": "[{\"added\": {}}]"}}, {"model": "admin.logentry", "pk": 28, "fields": {"action_time": "2024-07-16T18:43:16.078Z", "user": 1, "content_type": 8, "object_id": "1", "object_repr": "Stono", "action_flag": 2, "change_message": "[{\"changed\": {\"fields\": [\"Description\"]}}]"}}, {"model": "admin.logentry", "pk": 29, "fields": {"action_time": "2024-07-16T18:43:23.332Z", "user": 1, "content_type": 8, "object_id": "2", "object_repr": "Njuvo Ya Mungu", "action_flag": 2, "change_message": "[{\"changed\": {\"fields\": [\"Description\"]}}]"}}, {"model": "admin.logentry", "pk": 30, "fields": {"action_time": "2024-07-16T19:03:01.478Z", "user": 1, "content_type": 11, "object_id": "2", "object_repr": "Stono - Clothes", "action_flag": 2, "change_message": "[{\"changed\": {\"fields\": [\"Category\"]}}]"}}, {"model": "admin.logentry", "pk": 31, "fields": {"action_time": "2024-07-16T19:03:25.552Z", "user": 1, "content_type": 11, "object_id": "2", "object_repr": "Stono - Gadgets", "action_flag": 2, "change_message": "[{\"changed\": {\"fields\": [\"Category\"]}}]"}}, {"model": "admin.logentry", "pk": 32, "fields": {"action_time": "2024-07-16T19:03:34.798Z", "user": 1, "content_type": 10, "object_id": "4", "object_repr": "Clothes", "action_flag": 2, "change_message": "[{\"changed\": {\"fields\": [\"Product count\"]}}]"}}, {"model": "admin.logentry", "pk": 33, "fields": {"action_time": "2024-07-16T19:04:42.998Z", "user": 1, "content_type": 10, "object_id": "2", "object_repr": "Gadgets. Products:1 Businesses: 1", "action_flag": 2, "change_message": "[{\"changed\": {\"fields\": [\"Product count\"]}}]"}}, {"model": "admin.logentry", "pk": 34, "fields": {"action_time": "2024-07-16T19:04:43.125Z", "user": 1, "content_type": 10, "object_id": "2", "object_repr": "Gadgets. Products:1 Businesses: 1", "action_flag": 2, "change_message": "[]"}}, {"model": "admin.logentry", "pk": 35, "fields": {"action_time": "2024-07-17T20:55:32.762Z", "user": 1, "content_type": 14, "object_id": "1", "object_repr": "mugisa", "action_flag": 3, "change_message": ""}}, {"model": "admin.logentry", "pk": 36, "fields": {"action_time": "2024-07-17T20:56:16.072Z", "user": 1, "content_type": 14, "object_id": "2", "object_repr": "mugisa", "action_flag": 3, "change_message": ""}}, {"model": "admin.logentry", "pk": 37, "fields": {"action_time": "2024-07-17T21:14:24.442Z", "user": 1, "content_type": 15, "object_id": "63", "object_repr": "CartProduct object (63)", "action_flag": 3, "change_message": ""}}, {"model": "admin.logentry", "pk": 38, "fields": {"action_time": "2024-07-17T21:16:19.883Z", "user": 1, "content_type": 14, "object_id": "3", "object_repr": "mugisa", "action_flag": 3, "change_message": ""}}, {"model": "admin.logentry", "pk": 39, "fields": {"action_time": "2024-07-19T21:58:18.221Z", "user": 1, "content_type": 16, "object_id": "2", "object_repr": "Order object (2)", "action_flag": 3, "change_message": ""}}, {"model": "admin.logentry", "pk": 40, "fields": {"action_time": "2024-07-19T21:58:18.341Z", "user": 1, "content_type": 16, "object_id": "1", "object_repr": "Order object (1)", "action_flag": 3, "change_message": ""}}, {"model": "admin.logentry", "pk": 41, "fields": {"action_time": "2024-07-20T20:47:24.403Z", "user": 1, "content_type": 6, "object_id": "1", "object_repr": "mugisa", "action_flag": 2, "change_message": "[{\"changed\": {\"fields\": [\"Surname\", \"Tel number\"]}}]"}}, {"model": "admin.logentry", "pk": 42, "fields": {"action_time": "2024-07-20T20:54:35.898Z", "user": 1, "content_type": 16, "object_id": "4", "object_repr": "Order object (4)", "action_flag": 2, "change_message": "[{\"changed\": {\"fields\": [\"Status\"]}}]"}}, {"model": "admin.logentry", "pk": 43, "fields": {"action_time": "2024-07-20T21:53:00.112Z", "user": 1, "content_type": 12, "object_id": "4", "object_repr": "testing", "action_flag": 3, "change_message": ""}}, {"model": "admin.logentry", "pk": 44, "fields": {"action_time": "2024-07-20T22:02:08.200Z", "user": 1, "content_type": 12, "object_id": "5", "object_repr": "test", "action_flag": 3, "change_message": ""}}, {"model": "admin.logentry", "pk": 45, "fields": {"action_time": "2024-07-24T09:06:55.419Z", "user": 1, "content_type": 12, "object_id": "6", "object_repr": "test", "action_flag": 3, "change_message": ""}}, {"model": "admin.logentry", "pk": 46, "fields": {"action_time": "2024-07-24T09:16:50.138Z", "user": 1, "content_type": 12, "object_id": "1", "object_repr": "Men's Running Shoes", "action_flag": 2, "change_message": "[{\"changed\": {\"fields\": [\"Name\", \"Description\"]}}]"}}, {"model": "admin.logentry", "pk": 47, "fields": {"action_time": "2024-07-24T09:16:55.483Z", "user": 1, "content_type": 12, "object_id": "1", "object_repr": "Men's Running Shoes", "action_flag": 2, "change_message": "[]"}}, {"model": "admin.logentry", "pk": 48, "fields": {"action_time": "2024-07-24T09:17:14.163Z", "user": 1, "content_type": 12, "object_id": "2", "object_repr": "Smartphone Pro X", "action_flag": 2, "change_message": "[{\"changed\": {\"fields\": [\"Name\", \"Description\"]}}]"}}, {"model": "admin.logentry", "pk": 49, "fields": {"action_time": "2024-07-24T09:17:48.972Z", "user": 1, "content_type": 8, "object_id": "2", "object_repr": "Njuvo Ya Mungu", "action_flag": 2, "change_message": "[{\"changed\": {\"fields\": [\"Owner\"]}}]"}}, {"model": "admin.logentry", "pk": 50, "fields": {"action_time": "2024-07-24T10:05:44.195Z", "user": 1, "content_type": 8, "object_id": "3", "object_repr": "The Paper Palette", "action_flag": 3, "change_message": ""}}, {"model": "admin.logentry", "pk": 51, "fields": {"action_time": "2024-07-24T10:11:37.768Z", "user": 1, "content_type": 10, "object_id": "5", "object_repr": "Cafes & Restaurants", "action_flag": 1, "change_message": "[{\"added\": {}}]"}}, {"model": "admin.logentry", "pk": 52, "fields": {"action_time": "2024-07-24T10:11:59.292Z", "user": 1, "content_type": 10, "object_id": "6", "object_repr": "Apparel & Accessories", "action_flag": 1, "change_message": "[{\"added\": {}}]"}}, {"model": "admin.logentry", "pk": 53, "fields": {"action_time": "2024-07-24T10:12:17.297Z", "user": 1, "content_type": 10, "object_id": "2", "object_repr": "Tech & Gadgets", "action_flag": 2, "change_message": "[{\"changed\": {\"fields\": [\"Name\"]}}]"}}, {"model": "admin.logentry", "pk": 54, "fields": {"action_time": "2024-07-24T10:12:42.222Z", "user": 1, "content_type": 10, "object_id": "7", "object_repr": "Health & Fitness", "action_flag": 1, "change_message": "[{\"added\": {}}]"}}, {"model": "admin.logentry", "pk": 55, "fields": {"action_time": "2024-07-24T10:43:25.142Z", "user": 1, "content_type": 8, "object_id": "12", "object_repr": "ActiveLife Fitness Center", "action_flag": 2, "change_message": "[{\"changed\": {\"fields\": [\"Owner\"]}}]"}}, {"model": "admin.logentry", "pk": 56, "fields": {"action_time": "2024-07-24T10:43:31.307Z", "user": 1, "content_type": 8, "object_id": "11", "object_repr": "Campus Gear Shop", "action_flag": 2, "change_message": "[{\"changed\": {\"fields\": [\"Owner\"]}}]"}}, {"model": "admin.logentry", "pk": 57, "fields": {"action_time": "2024-07-24T10:43:38.996Z", "user": 1, "content_type": 8, "object_id": "8", "object_repr": "TechSmart Electronics", "action_flag": 2, "change_message": "[{\"changed\": {\"fields\": [\"Owner\"]}}]"}}, {"model": "admin.logentry", "pk": 58, "fields": {"action_time": "2024-07-24T10:43:44.907Z", "user": 1, "content_type": 8, "object_id": "7", "object_repr": "Campus Grill", "action_flag": 2, "change_message": "[{\"changed\": {\"fields\": [\"Owner\"]}}]"}}, {"model": "admin.logentry", "pk": 59, "fields": {"action_time": "2024-07-24T10:43:51.214Z", "user": 1, "content_type": 8, "object_id": "6", "object_repr": "The Study Lounge Café", "action_flag": 2, "change_message": "[{\"changed\": {\"fields\": [\"Owner\"]}}]"}}, {"model": "sessions.session", "pk": "3pkezfifyqf05ylx7ox2irln3zgubqcx", "fields": {"session_data": ".eJxVjEEOwiAQRe_C2pACbWFcuu8ZyAwzStVAUtqV8e7apAvd_vfef6mI25rj1mSJM6uzMur0uxGmh5Qd8B3LrepUy7rMpHdFH7TpqbI8L4f7d5Cx5W_tnOm9ESvcmzB4P1DPV7GOLTCAc24cKVFHhmW01HkwDBggAHCyhKjeH8ffN60:1sVHeT:ruxdhgFVXLxE2YZiTNOxYP71WIU0IHXCL_wnQEa3_3A", "expire_date": "2024-08-03T21:30:01.920Z"}}, {"model": "sessions.session", "pk": "3qyeiow1w4h09sygoiq7wwki78zosin8", "fields": {"session_data": ".eJxVjMsOgjAQRf-la9N06IPi0r3fQGY6M4IaSCisjP-uJCx0e88592V63Nah36os_cjmbBpz-t0Iy0OmHfAdp9tsyzyty0h2V-xBq73OLM_L4f4dDFiHbw0ssVPyESiocFDHCilSgYwhZaeIbeO9MhYloDZ7RpYsHTugkoJ5fwARkjlH:1sWZYG:AwRliMTbVyv3oQMyPzWwTdnKKlMG-d41VHn0_sxdVNs", "expire_date": "2024-08-07T10:48:56.223Z"}}, {"model": "sessions.session", "pk": "f233vyxbc50eijthyurh3wv4q7zrswts", "fields": {"session_data": ".eJxVjMsOgjAQRf-la9N06IPi0r3fQGY6M4IaSCisjP-uJCx0e88592V63Nah36os_cjmbBpz-t0Iy0OmHfAdp9tsyzyty0h2V-xBq73OLM_L4f4dDFiHbw0ssVPyESiocFDHCilSgYwhZaeIbeO9MhYloDZ7RpYsHTugkoJ5fwARkjlH:1sWZj4:f8gJRKQOs1q3d52XJEMEoVmJXtcKOQD-Ul1X2ZFcfjI", "expire_date": "2024-08-07T11:00:06.281Z"}}, {"model": "sessions.session", "pk": "fcsqt57t2qvon3a5kh05euptey7pwn5i", "fields": {"session_data": ".eJxVjMsOgjAQRf-la9N06IPi0r3fQGY6M4IaSCisjP-uJCx0e88592V63Nah36os_cjmbBpz-t0Iy0OmHfAdp9tsyzyty0h2V-xBq73OLM_L4f4dDFiHbw0ssVPyESiocFDHCilSgYwhZaeIbeO9MhYloDZ7RpYsHTugkoJ5fwARkjlH:1sWYuL:XqYdvvT7DgI4AaNRHFStuO8oTPhv7YlNL384_Az42xQ", "expire_date": "2024-08-07T10:07:41.922Z"}}, {"model": "sessions.session", "pk": "uaxtttdthfcw8xjv5xx5xzoazx98c045", "fields": {"session_data": ".eJxVjEEOwiAQRe_C2pACbWFcuu8ZyAwzStVAUtqV8e7apAvd_vfef6mI25rj1mSJM6uzMur0uxGmh5Qd8B3LrepUy7rMpHdFH7TpqbI8L4f7d5Cx5W_tnOm9ESvcmzB4P1DPV7GOLTCAc24cKVFHhmW01HkwDBggAHCyhKjeH8ffN60:1sVF4X:umBU9dz5ZQa2Doa7dx3fZbFQSlRkXNYAVIF_dUH338w", "expire_date": "2024-08-03T18:44:45.771Z"}}, {"model": "identity.user", "pk": 1, "fields": {"password": "pbkdf2_sha256$720000$WBoQnokuccjAfcp8R4L4u6$WpZX4NlrCqzVeofaafZc43Sf7apux1nRU6gkmo/6PBM=", "last_login": "2024-07-20T21:30:01.898Z", "is_superuser": true, "username": "mugisa", "first_name": "phillipp", "last_name": "", "email": "", "is_staff": true, "is_active": true, "date_joined": "2024-07-16T13:14:14Z", "surname": "mugisa", "tel_number": "0757375684", "isdelivery": false, "account_type": "SELLER", "institution": null, "image": "User/user.png", "groups": [], "user_permissions": []}}, {"model": "identity.user", "pk": 2, "fields": {"password": "pbkdf2_sha256$720000$8G9SWaHGPvped3ZegRAvDY$iyjL7Mr+RMm7zSZ7+46TxvlqNglDy2axRZziwdmwP9I=", "last_login": "2024-07-24T11:00:06.211Z", "is_superuser": false, "username": "mark", "first_name": "", "last_name": "", "email": "", "is_staff": false, "is_active": true, "date_joined": "2024-07-17T20:02:21.395Z", "surname": "", "tel_number": "1", "isdelivery": false, "account_type": "SELLER", "institution": null, "image": "User/user.png", "groups": [], "user_permissions": []}}, {"model": "identity.institution", "pk": 1, "fields": {"name": "Makerere", "abbr": "Mak", "location": "Makerere", "slug": "makerere", "created_on": "2024-07-16", "image": "Institution/images/Makerere-13ac2570-0af4-4827-95bf-64e799347c02.jpeg"}}, {"model": "identity.institution", "pk": 2, "fields": {"name": "Kyambogo", "abbr": "KYU", "location": "Kyambogo", "slug": "kyambogo", "created_on": "2024-07-16", "image": "Institution/images/Kyambogo-a6aa1544-4b26-4eb6-ac41-7ee124d31704.jpg"}}, {"model": "identity.institution", "pk": 3, "fields": {"name": "Mbarara University of Science and Technology", "abbr": "MUST", "location": "Mbarara", "slug": "mbarara-university-of-science-and-technology", "created_on": "2024-07-16", "image": "Institution/images/Mbarara_University_of_Science_and_Technology-8989d733-a482-4fde-9ec0_2PqKMuC.jpeg"}}, {"model": "identity.institution", "pk": 4, "fields": {"name": "Makerere Universit Business School", "abbr": "MUBS", "location": "Nakawa", "slug": "makerere-universit-business-school", "created_on": "2024-07-16", "image": "Institution/images/Makerere_Universit_Business_School-16c419d7-7127-4fe7-b0b7-4b93a2254817.jpeg"}}, {"model": "shop.business", "pk": 1, "fields": {"name": "Stono", "description": "Lorem ipsum, dolor sit amet consectetur adipisicing elit. Labore alias incidunt inventore rem ratione dignissimos. Soluta error voluptate nostrum culpa!", "owner": 1, "slug": "stono", "image": "Business/images/Stono-24a51c20-3dc3-4b12-9b6c-56d8731652ce.jpg", "created_on": "2024-07-16"}}, {"model": "shop.business", "pk": 2, "fields": {"name": "Njuvo Ya Mungu", "description": "Lorem ipsum, dolor sit amet consectetur adipisicing elit. Labore alias incidunt inventore rem ratione dignissimos. Soluta error voluptate nostrum culpa!", "owner": 2, "slug": "njuvo-ya-mungu", "image": "Business/images/Njuvo_Ya_Mungu-184ba8f8-c81d-49d4-823b-234828ce5ee0.jpg", "created_on": "2024-07-16"}}, {"model": "shop.business", "pk": 4, "fields": {"name": "The Paper Palette", "description": "Discover a world of creativity at The Paper Palette, your go-to destination for all things stationery. From premium notebooks and planners to unique pens and art supplies, we offer a curated selection of high-quality products to inspire your everyday writing, planning, and artistic endeavors. Whether you're a student, professional, or hobbyist, The Paper Palette has everything you need to bring your ideas to life.", "owner": 1, "slug": "the-paper-palette", "image": "Business/images/The_Paper_Palette-35cef696-48de-4fa8-8c17-5f2639041f03.jpg", "created_on": "2024-07-24"}}, {"model": "shop.business", "pk": 5, "fields": {"name": "Campus Book Exchange", "description": "A marketplace for buying and selling new and used textbooks. Save money and find the books you need for your courses.", "owner": 1, "slug": "campus-book-exchange", "image": "Business/images/Campus_Book_Exchange-20846b92-aa54-4423-bbf5-5e9af4e6bfdb.jpg", "created_on": "2024-07-24"}}, {"model": "shop.business", "pk": 6, "fields": {"name": "The Study Lounge Café", "description": "A popular spot for coffee, pastries, and light meals. Ideal for study sessions and casual meet-ups.", "owner": 2, "slug": "the-study-lounge-cafe", "image": "Business/images/The_Study_Lounge_Café-544f355f-fbde-4ccb-aaf7-455c09ad6b7e.jpg", "created_on": "2024-07-24"}}, {"model": "shop.business", "pk": 7, "fields": {"name": "Campus Grill", "description": "Offers a variety of hearty meals, from burgers and sandwiches to salads and vegetarian options. Great for a quick lunch or dinner.", "owner": 2, "slug": "campus-grill", "image": "Business/images/Campus_Grill-d14af1a1-ae7d-497f-bbe5-2e8fca561537.jpg", "created_on": "2024-07-24"}}, {"model": "shop.business", "pk": 8, "fields": {"name": "TechSmart Electronics", "description": "Provides the latest in laptops, tablets, and accessories with special deals for students. Excellent tech support and service.", "owner": 2, "slug": "techsmart-electronics", "image": "Business/images/TechSmart_Electronics-ac431d7e-aac1-41fb-9bf6-6aa838a6ab14.jpg", "created_on": "2024-07-24"}}, {"model": "shop.business", "pk": 9, "fields": {"name": "Gadget Haven", "description": "Your source for high-quality tech gadgets and accessories, including smartwatches and headphones. Student discounts available.", "owner": 1, "slug": "gadget-haven", "image": "Business/images/Gadget_Haven-fd4e7bbb-24fe-4689-b902-b57db467493e.jpg", "created_on": "2024-07-24"}}, {"model": "shop.business", "pk": 10, "fields": {"name": "UniWear Boutique", "description": "Features stylish university-branded apparel, from hoodies to t-shirts. Show your school spirit with exclusive designs.", "owner": 1, "slug": "uniwear-boutique", "image": "Business/images/UniWear_Boutique-2052c437-55c6-47cc-8f71-c156dc76ffa5.jpg", "created_on": "2024-07-24"}}, {"model": "shop.business", "pk": 11, "fields": {"name": "Campus Gear Shop", "description": "Offers a range of fashionable and comfortable clothing and accessories for students. Regular promotions and sales.", "owner": 2, "slug": "campus-gear-shop", "image": "Business/images/Campus_Gear_Shop-ce42a077-11e6-435b-a93b-ce44629fc7f4.jpg", "created_on": "2024-07-24"}}, {"model": "shop.business", "pk": 12, "fields": {"name": "ActiveLife Fitness Center", "description": "State-of-the-art gym with student membership rates, group classes, and personal training options. Stay fit and healthy on campus.", "owner": 2, "slug": "activelife-fitness-center", "image": "Business/images/ActiveLife_Fitness_Center-ea13c751-f0c8-4259-a467-1db5f34376c1.jpg", "created_on": "2024-07-24"}}, {"model": "shop.business", "pk": 13, "fields": {"name": "Wellness Hub", "description": "Focuses on holistic health with services including yoga classes, wellness workshops, and personalized nutrition plans.", "owner": 1, "slug": "wellness-hub", "image": "Business/images/Wellness_Hub-147c3d00-cff2-49f9-9460-3b514f7136a7.jpg", "created_on": "2024-07-24"}}, {"model": "shop.businessinstitution", "pk": 1, "fields": {"business": 1, "institution": 1}}, {"model": "shop.businessinstitution", "pk": 2, "fields": {"business": 1, "institution": 4}}, {"model": "shop.businessinstitution", "pk": 3, "fields": {"business": 2, "institution": 1}}, {"model": "shop.businessinstitution", "pk": 4, "fields": {"business": 4, "institution": 1}}, {"model": "shop.businessinstitution", "pk": 5, "fields": {"business": 4, "institution": 4}}, {"model": "shop.businessinstitution", "pk": 6, "fields": {"business": 5, "institution": 2}}, {"model": "shop.businessinstitution", "pk": 7, "fields": {"business": 5, "institution": 3}}, {"model": "shop.businessinstitution", "pk": 8, "fields": {"business": 6, "institution": 1}}, {"model": "shop.businessinstitution", "pk": 9, "fields": {"business": 6, "institution": 2}}, {"model": "shop.businessinstitution", "pk": 10, "fields": {"business": 6, "institution": 4}}, {"model": "shop.businessinstitution", "pk": 11, "fields": {"business": 7, "institution": 3}}, {"model": "shop.businessinstitution", "pk": 12, "fields": {"business": 8, "institution": 1}}, {"model": "shop.businessinstitution", "pk": 13, "fields": {"business": 8, "institution": 2}}, {"model": "shop.businessinstitution", "pk": 14, "fields": {"business": 8, "institution": 3}}, {"model": "shop.businessinstitution", "pk": 15, "fields": {"business": 8, "institution": 4}}, {"model": "shop.businessinstitution", "pk": 16, "fields": {"business": 9, "institution": 1}}, {"model": "shop.businessinstitution", "pk": 17, "fields": {"business": 9, "institution": 4}}, {"model": "shop.businessinstitution", "pk": 18, "fields": {"business": 10, "institution": 1}}, {"model": "shop.businessinstitution", "pk": 19, "fields": {"business": 10, "institution": 2}}, {"model": "shop.businessinstitution", "pk": 20, "fields": {"business": 10, "institution": 3}}, {"model": "shop.businessinstitution", "pk": 21, "fields": {"business": 10, "institution": 4}}, {"model": "shop.businessinstitution", "pk": 22, "fields": {"business": 11, "institution": 1}}, {"model": "shop.businessinstitution", "pk": 23, "fields": {"business": 11, "institution": 4}}, {"model": "shop.businessinstitution", "pk": 24, "fields": {"business": 12, "institution": 1}}, {"model": "shop.businessinstitution", "pk": 25, "fields": {"business": 12, "institution": 4}}, {"model": "shop.businessinstitution", "pk": 26, "fields": {"business": 13, "institution": 3}}, {"model": "shop.category", "pk": 1, "fields": {"name": "Footwear", "product_count": 5, "business_count": 2}}, {"model": "shop.category", "pk": 2, "fields": {"name": "Tech & Gadgets", "product_count": 4, "business_count": 3}}, {"model": "shop.category", "pk": 3, "fields": {"name": "Stationery", "product_count": 2, "business_count": 2}}, {"model": "shop.category", "pk": 4, "fields": {"name": "Clothes", "product_count": 2, "business_count": 3}}, {"model": "shop.category", "pk": 5, "fields": {"name": "Cafes & Restaurants", "product_count": 2, "business_count": 2}}, {"model": "shop.category", "pk": 6, "fields": {"name": "Apparel & Accessories", "product_count": 2, "business_count": 2}}, {"model": "shop.category", "pk": 7, "fields": {"name": "Health & Fitness", "product_count": 2, "business_count": 2}}, {"model": "shop.businesscategory", "pk": 1, "fields": {"business": 1, "category": 1}}, {"model": "shop.businesscategory", "pk": 2, "fields": {"business": 1, "category": 2}}, {"model": "shop.businesscategory", "pk": 3, "fields": {"business": 2, "category": 4}}, {"model": "shop.businesscategory", "pk": 4, "fields": {"business": 4, "category": 3}}, {"model": "shop.businesscategory", "pk": 5, "fields": {"business": 5, "category": 3}}, {"model": "shop.businesscategory", "pk": 6, "fields": {"business": 6, "category": 5}}, {"model": "shop.businesscategory", "pk": 7, "fields": {"business": 7, "category": 5}}, {"model": "shop.businesscategory", "pk": 8, "fields": {"business": 8, "category": 2}}, {"model": "shop.businesscategory", "pk": 9, "fields": {"business": 9, "category": 2}}, {"model": "shop.businesscategory", "pk": 10, "fields": {"business": 10, "category": 1}}, {"model": "shop.businesscategory", "pk": 11, "fields": {"business": 10, "category": 4}}, {"model": "shop.businesscategory", "pk": 12, "fields": {"business": 10, "category": 6}}, {"model": "shop.businesscategory", "pk": 13, "fields": {"business": 11, "category": 4}}, {"model": "shop.businesscategory", "pk": 14, "fields": {"business": 11, "category": 6}}, {"model": "shop.businesscategory", "pk": 15, "fields": {"business": 12, "category": 7}}, {"model": "shop.businesscategory", "pk": 16, "fields": {"business": 13, "category": 7}}, {"model": "shop.product", "pk": 1, "fields": {"name": "Men's Running Shoes", "description": "Achieve your best performance with these lightweight and breathable running shoes, designed for comfort and durability.", "stock": 100, "category": 1, "price": "150000.00", "business": 1, "slug": "mens-running-shoes", "created_on": "2024-07-16"}}, {"model": "shop.product", "pk": 2, "fields": {"name": "Smartphone Pro X", "description": "Experience the latest in mobile technology with the Pro X, featuring a stunning display and advanced camera system.", "stock": 20, "category": 2, "price": "2000000.00", "business": 1, "slug": "smartphone-pro-x", "created_on": "2024-07-16"}}, {"model": "shop.product", "pk": 3, "fields": {"name": "Suit Rental", "description": "Lorem ipsum, dolor sit amet consectetur adipisicing elit. Labore alias incidunt inventore rem ratione dignissimos. Soluta error voluptate nostrum culpa!", "stock": 30, "category": 4, "price": "400000.00", "business": 2, "slug": "suit-rental", "created_on": "2024-07-16"}}, {"model": "shop.product", "pk": 7, "fields": {"name": "Textbook Sales and Rentals", "description": "Offers a wide range of new and used textbooks for various courses. Students can purchase or rent textbooks at competitive prices, reducing the cost of their education. The platform also facilitates book exchanges among students, making it easier to find needed materials affordably.", "stock": 100, "category": 3, "price": "50000.00", "business": 4, "slug": "textbook-sales-and-rentals", "created_on": "2024-07-24"}}, {"model": "shop.product", "pk": 8, "fields": {"name": "Book Buyback Program", "description": "Allows students to sell their used textbooks back to the store at the end of each semester. The buyback program ensures students can recoup some of their expenses and helps keep textbooks in circulation for future students.", "stock": 1, "category": 3, "price": "20000.00", "business": 5, "slug": "book-buyback-program", "created_on": "2024-07-24"}}, {"model": "shop.product", "pk": 9, "fields": {"name": "Coffee and Beverage Services", "description": "Provides a selection of high-quality coffee, tea, and specialty beverages, perfect for a quick caffeine boost during study sessions. The café also offers comfortable seating and a relaxing atmosphere conducive to studying.", "stock": 1000, "category": 5, "price": "50000.00", "business": 6, "slug": "coffee-and-beverage-services", "created_on": "2024-07-24"}}, {"model": "shop.product", "pk": 10, "fields": {"name": "Hearty Meals and Snacks", "description": "Serves a variety of hearty meals, including burgers, sandwiches, and salads. The grill is known for its delicious food and fast service, making it a popular choice for students looking for a satisfying meal between classes.", "stock": 100, "category": 5, "price": "45000.00", "business": 7, "slug": "hearty-meals-and-snacks", "created_on": "2024-07-24"}}, {"model": "shop.product", "pk": 11, "fields": {"name": "Laptop Sales and Repairs:", "description": "Provides the latest laptops and accessories, along with repair services for malfunctioning devices. Students can find high-performance laptops suited for academic and personal use, and get professional assistance with hardware issues.", "stock": 100, "category": 2, "price": "100000.00", "business": 8, "slug": "laptop-sales-and-repairs", "created_on": "2024-07-24"}}, {"model": "shop.product", "pk": 12, "fields": {"name": "Smartwatch and Accessory Sales", "description": "Specializes in smartwatches, headphones, and other tech accessories. The store offers a wide range of products designed to enhance productivity and entertainment for students.", "stock": 100, "category": 2, "price": "150000.00", "business": 9, "slug": "smartwatch-and-accessory-sales", "created_on": "2024-07-24"}}, {"model": "shop.product", "pk": 13, "fields": {"name": "Custom Apparel Services", "description": "Offers customization options for university-branded clothing, allowing students to add their names or choose from various designs. This service provides a personalized touch to university apparel.", "stock": 100, "category": 6, "price": "150000.00", "business": 10, "slug": "custom-apparel-services", "created_on": "2024-07-24"}}, {"model": "shop.product", "pk": 14, "fields": {"name": "Fashionable Clothing and Accessories", "description": "Provides a range of trendy clothing and accessories, including casual wear and statement pieces. The shop caters to students’ diverse fashion preferences and styles.", "stock": 100, "category": 6, "price": "200000.00", "business": 11, "slug": "fashionable-clothing-and-accessories", "created_on": "2024-07-24"}}, {"model": "shop.product", "pk": 15, "fields": {"name": "Gym Memberships", "description": "Offers flexible membership plans tailored for students, including options for monthly or semester-based access. The gym features modern equipment and facilities to support various fitness goals.", "stock": 100, "category": 7, "price": "100000.00", "business": 12, "slug": "gym-memberships", "created_on": "2024-07-24"}}, {"model": "shop.product", "pk": 16, "fields": {"name": "Yoga and Meditation Classes", "description": "Hosts regular yoga and meditation sessions to help students manage stress and improve overall well-being. Classes are suitable for beginners and experienced practitioners alike.", "stock": 2, "category": 7, "price": "150000.00", "business": 13, "slug": "yoga-and-meditation-classes", "created_on": "2024-07-24"}}, {"model": "shop.productimage", "pk": 1, "fields": {"product": 1, "image": "ProductImage/images/Product_sample_1-89c4f48d-5572-49a3-b902-41e95a7c02f8.jpg"}}, {"model": "shop.productimage", "pk": 2, "fields": {"product": 1, "image": "ProductImage/images/Product_sample_1-a07de057-9bb3-4c5e-98dd-e615fc86c998.jpg"}}, {"model": "shop.productimage", "pk": 3, "fields": {"product": 1, "image": "ProductImage/images/Product_sample_1-bb946696-f8a3-41a1-888f-088ea11f3736.jpg"}}, {"model": "shop.productimage", "pk": 4, "fields": {"product": 2, "image": "ProductImage/images/Product_sample_2-36de2e05-f4de-4b5a-9c52-70a2eade0ab8.jpeg"}}, {"model": "shop.productimage", "pk": 5, "fields": {"product": 2, "image": "ProductImage/images/Product_sample_2-52495fc8-b63b-4786-9eeb-2fe30189fd1c.jpeg"}}, {"model": "shop.productimage", "pk": 6, "fields": {"product": 3, "image": "ProductImage/images/Suit_Rental-e60e5dc7-5fa8-4f43-8f74-53ef0031285f.jpg"}}, {"model": "shop.productimage", "pk": 7, "fields": {"product": 3, "image": "ProductImage/images/Suit_Rental-77b21e56-98cc-4f3f-b966-c79ecefb35e7.jpg"}}, {"model": "shop.productimage", "pk": 8, "fields": {"product": 3, "image": "ProductImage/images/Suit_Rental-82ecfeae-27db-43b8-b279-3d29135c5721.jpg"}}, {"model": "shop.productimage", "pk": 12, "fields": {"product": 7, "image": "ProductImage/images/Textbook_Sales_and_Rentals-16e1230e-d42d-4590-b9f9-ed9c492afd08.jpg"}}, {"model": "shop.productimage", "pk": 13, "fields": {"product": 7, "image": "ProductImage/images/Textbook_Sales_and_Rentals-ea8562f7-58ad-42c4-89a3-6edd332f6bb4.jpg"}}, {"model": "shop.productimage", "pk": 14, "fields": {"product": 7, "image": "ProductImage/images/Textbook_Sales_and_Rentals-5c9d869b-593e-4917-97be-8dba364c8693.jpg"}}, {"model": "shop.productimage", "pk": 15, "fields": {"product": 8, "image": "ProductImage/images/Book_Buyback_Program-546fa03a-1cad-47a2-817d-db6d0953aebb.jpg"}}, {"model": "shop.productimage", "pk": 16, "fields": {"product": 8, "image": "ProductImage/images/Book_Buyback_Program-753d3e36-e71b-4915-9869-9003dcb2fac2.jpg"}}, {"model": "shop.productimage", "pk": 17, "fields": {"product": 8, "image": "ProductImage/images/Book_Buyback_Program-9f041291-5971-463c-903d-138732393837.jpg"}}, {"model": "shop.productimage", "pk": 18, "fields": {"product": 9, "image": "ProductImage/images/Coffee_and_Beverage_Services-edc84249-1456-4664-9aa1-14ea03f79da5.jpg"}}, {"model": "shop.productimage", "pk": 19, "fields": {"product": 9, "image": "ProductImage/images/Coffee_and_Beverage_Services-0e3992ad-3c08-4912-923c-44ad3ba307e3.jpg"}}, {"model": "shop.productimage", "pk": 20, "fields": {"product": 10, "image": "ProductImage/images/Hearty_Meals_and_Snacks-943e14ab-0233-4c02-91e1-1219e2c43978.jpg"}}, {"model": "shop.productimage", "pk": 21, "fields": {"product": 10, "image": "ProductImage/images/Hearty_Meals_and_Snacks-d8694aab-2882-4403-9d8e-4ad3754f3102.jpg"}}, {"model": "shop.productimage", "pk": 22, "fields": {"product": 11, "image": "ProductImage/images/Laptop_Sales_and_Repairs-ebc00f40-d615-4428-97cf-91b8df3c2045.jpg"}}, {"model": "shop.productimage", "pk": 23, "fields": {"product": 11, "image": "ProductImage/images/Laptop_Sales_and_Repairs-1af90a18-3a8f-434e-9170-53e644869b34.jpg"}}, {"model": "shop.productimage", "pk": 24, "fields": {"product": 11, "image": "ProductImage/images/Laptop_Sales_and_Repairs-08833b18-005c-47e2-8d43-54d838860987.webp"}}, {"model": "shop.productimage", "pk": 25, "fields": {"product": 12, "image": "ProductImage/images/Smartwatch_and_Accessory_Sales-7f466506-2e4a-40b4-b64c-46ae473ae982.jpg"}}, {"model": "shop.productimage", "pk": 26, "fields": {"product": 12, "image": "ProductImage/images/Smartwatch_and_Accessory_Sales-74114b7d-88fa-4223-8319-0bf5e9257122.webp"}}, {"model": "shop.productimage", "pk": 27, "fields": {"product": 13, "image": "ProductImage/images/Custom_Apparel_Services-f330deb0-2cc9-458d-97da-a16d029a28ad.jpg"}}, {"model": "shop.productimage", "pk": 28, "fields": {"product": 13, "image": "ProductImage/images/Custom_Apparel_Services-7d9f1323-b795-4275-81ac-665c8cc830d2.jpg"}}, {"model": "shop.productimage", "pk": 29, "fields": {"product": 14, "image": "ProductImage/images/Fashionable_Clothing_and_Accessories-b0dab87b-a6fd-499f-96e1-241852f43a08.jpg"}}, {"model": "shop.productimage", "pk": 30, "fields": {"product": 14, "image": "ProductImage/images/Fashionable_Clothing_and_Accessories-6b0000cd-1e84-4cb2-9507-10314b2fc411.jpg"}}, {"model": "shop.productimage", "pk": 31, "fields": {"product": 15, "image": "ProductImage/images/Gym_Memberships-74ad3852-2219-4eec-84ce-f6746377cf3a.jpg"}}, {"model": "shop.productimage", "pk": 32, "fields": {"product": 15, "image": "ProductImage/images/Gym_Memberships-0311f0f0-a463-4afa-8e57-ab8ce58babe0.jpg"}}, {"model": "shop.productimage", "pk": 33, "fields": {"product": 16, "image": "ProductImage/images/Yoga_and_Meditation_Classes-c6e2a21c-1152-4f1a-b364-3972962d011b.jpg"}}, {"model": "shop.productimage", "pk": 34, "fields": {"product": 16, "image": "ProductImage/images/Yoga_and_Meditation_Classes-312292ff-4f93-4903-b57f-de4cd78a013d.jpg"}}, {"model": "shop.order", "pk": 3, "fields": {"buyer": 1, "product": 2, "quantity": 1, "total_amount": "2000000.00", "status": "PENDING", "created_on": "2024-07-19", "completed_on": null}}, {"model": "shop.order", "pk": 4, "fields": {"buyer": 1, "product": 3, "quantity": 1, "total_amount": "400000.00", "status": "ACCEPTED", "created_on": "2024-07-19", "completed_on": null}}, {"model": "shop.order", "pk": 5, "fields": {"buyer": 2, "product": 13, "quantity": 1, "total_amount": "150000.00", "status": "PENDING", "created_on": "2024-07-24", "completed_on": null}}, {"model": "shop.order", "pk": 6, "fields": {"buyer": 2, "product": 16, "quantity": 1, "total_amount": "150000.00", "status": "PENDING", "created_on": "2024-07-24", "completed_on": null}}, {"model": "shop.order", "pk": 7, "fields": {"buyer": 2, "product": 1, "quantity": 1, "total_amount": "150000.00", "status": "ACCEPTED", "created_on": "2024-07-24", "completed_on": null}}, {"model": "shop.cart", "pk": 6, "fields": {"user": 1, "total_amount": "145000.00", "product_count": 2}}, {"model": "shop.cart", "pk": 8, "fields": {"user": 2, "total_amount": "0.00", "product_count": 0}}, {"model": "shop.cartproduct", "pk": 71, "fields": {"cart": 6, "total_amount": "100000.00", "product": 11, "quantity": 1}}, {"model": "shop.cartproduct", "pk": 72, "fields": {"cart": 6, "total_amount": "45000.00", "product": 10, "quantity": 1}}]